SPECIAL EVENTS CALENDAR 2017,,,,,,,,
,,,,,,,,
UPDATED 28 February 2017,,,,,,,,
,,,,,,,,Buses booked
Day,Date,Type,Event,Kick off,Vehicle Requirement,Tacho,Comments,out by
,,,,,,,,
Sun,010117,GWR Rail Repl,Slough Standby,,DD High Speed,No,Duty 9730 65A 0730 - 1715 Minimum 30 minute break,Night Chargehand
,,,,,DD High Speed,No,Duty 9731 65B 1530 - 2345 Minimum 30 minute break,Night Chargehand
,,,,,DD High Speed,No,Duty 9732 66A 0730 - 1715 Minimum 30 minute break,Night Chargehand
,,,,,DD High Speed,No,Duty 9733 66B 1530 - 2345 Minimum 30 minute break,Night Chargehand
Mon,020117,GWR Rail Repl,Slough Standby,,DD High Speed,No,Duty 9730 35A 0530 - 1515 Minimum 30 minute break,Night Chargehand
,,,,,DD High Speed,No,Duty 9731 36B 1330 - 2345 Minimum 30 minute break,Night Chargehand
,,,,,DD High Speed,No,Duty 9732 36A 0530 - 1515 Minimum 30 minute break,Night Chargehand
,,,,,DD High Speed,No,Duty 9733 36B 1330 - 2345 Minimum 30 minute break,Night Chargehand
Tues,030117,GWR Rail Repl,Slough Standby,,DD High Speed,No,Duty 9730 6A 0530 - 1245 Minimum 30 minute break,Night Chargehand
,,,,,DD High Speed,No,Duty 9731 7A 0530 - 1245 Minimum 30 minute break,Night Chargehand
Tues,030117,Vodafone Shuttle,Bracknell - Vodafone,,generic SD or DD,No,Duty 9650 (0508 - 1008) (see work ticket),Night Chargehand
,,Vodafone Shuttle,Bracknell - Vodafone,,generic SD or DD,No,Duty 9651 (1513 - 2012) (see work ticket),Night Chargehand
Wed,040117,Vodafone Shuttle,Bracknell - Vodafone,,generic SD or DD,No,Duty 9650 (0508 - 1008) (see work ticket),Night Chargehand
,,Vodafone Shuttle,Bracknell - Vodafone,,generic SD or DD,No,Duty 9651 (1513 - 2012) (see work ticket),Night Chargehand
Thurs,050117,Vodafone Shuttle,Bracknell - Vodafone,,generic SD or DD,No,Duty 9650 (0508 - 1008) (see work ticket),Night Chargehand
,,Vodafone Shuttle,Bracknell - Vodafone,,generic SD or DD,No,Duty 9651 (1513 - 2012) (see work ticket),Night Chargehand
Fri,060117,Vodafone Shuttle,Bracknell - Vodafone,,generic SD or DD,No,Duty 9650 (0508 - 1008) (see work ticket),Night Chargehand
,,Vodafone Shuttle,Bracknell - Vodafone,,generic SD or DD,No,Duty 9651 (1513 - 2012) (see work ticket),Night Chargehand
Sat,070117,GWR Rail Repl,Twyford and,,SD High Back Seats,No,Duty 9730 39A 2329 - 0155,Night Chargehand
,,,Reading,,SD High Back Seats,No,Duty 9731 42A 2349 - 0305,Night Chargehand
Mon,090117,Vodafone Shuttle,Bracknell - Vodafone,,generic SD or DD,No,Duty 9650 (0508 - 1008) (see work ticket),Night Chargehand
,,Vodafone Shuttle,Bracknell - Vodafone,,generic SD or DD,No,Duty 9651 (1513 - 2012) (see work ticket),Night Chargehand
Mon,090117,Southern Rail Repl,Redhill area,,DD High Speed,No,Duty 9730 501A 0425 - 1620 30 minute break to be arranged,Night Chargehand
,,,,,DD High Speed,No,Duty 9731 502A 0425 - 1620 30 minute break to be arranged,Night Chargehand
,,,,,Ferry Vehicle,No,Duty 9732 511A 1225 - 0020 30 minute break to be arranged,Night Chargehand
,,,,,Ferry Vehicle,No,Duty 9733 512A 1225 - 0020 30 minute break to be arranged,Night Chargehand
Mon,090117,Tube Replacement,Paddington and,,DD High Speed,No,Duty 9734 205A 0500 - 2100 Break 1045 - 1515,Night Chargehand
,,,Old Street,,DD High Speed,No,Duty 9735 205B 0500 - 2100 Break 1045 - 1515,Night Chargehand
Tues,100117,Vodafone Shuttle,Bracknell - Vodafone,,generic SD or DD,No,Duty 9650 (0508 - 1008) (see work ticket),Night Chargehand
,,Vodafone Shuttle,Bracknell - Vodafone,,generic SD or DD,No,Duty 9651 (1513 - 2012) (see work ticket),Night Chargehand
Tues,100117,Southern Rail Repl,Redhill area,,DD High Speed,No,Duty 9730 501A 0425 - 1620 30 minute break to be arranged,Night Chargehand
,,,,,DD High Speed,No,Duty 9731 502A 0425 - 1620 30 minute break to be arranged,Night Chargehand
,,,,,Ferry Vehicle,No,Duty 9732 511A 1225 - 0020 30 minute break to be arranged,Night Chargehand
,,,,,Ferry Vehicle,No,Duty 9733 512A 1225 - 0020 30 minute break to be arranged,Night Chargehand
,,,,,SD High Back Seats,No ,Duty 9734 503A 0425 - 1620 30 minute break to be arranged,Night Chargehand
,,,,,Ferry Vehicle,No,Duty 9735 513A 1225 - 0020 30 minute break to be arranged,Night Chargehand
Wed,110117,Vodafone Shuttle,Bracknell - Vodafone,,generic SD or DD,No,Duty 9650 (0508 - 1008) (see work ticket),Night Chargehand
,,Vodafone Shuttle,Bracknell - Vodafone,,generic SD or DD,No,Duty 9651 (1513 - 2012) (see work ticket),Night Chargehand
Wed,110117,Southern Rail Repl,Redhill area,,DD High Speed,No,Duty 9730 501A 0425 - 1620 30 minute break to be arranged,Night Chargehand
,,,,,DD High Speed,No,Duty 9731 502A 0425 - 1620 30 minute break to be arranged,Night Chargehand
,,,,,Ferry Vehicle,No,Duty 9732 511A 1225 - 0020 30 minute break to be arranged,Night Chargehand
,,,,,Ferry Vehicle,No,Duty 9733 512A 1225 - 0020 30 minute break to be arranged,Night Chargehand
,,,,,SD High Back Seats,No,Duty 9734 503A 0425 - 1620 30 minute break to be arranged,Night Chargehand
,,,,,Ferry Vehicle,No,Duty 9735 513A 1225 - 0020 30 minute break to be arranged,Night Chargehand
Thurs,120117,Football,QPR,2000,RTL 31 x DD 5 x SD,No,F40 and F41,Control
Thurs,120117,Vodafone Shuttle,Bracknell - Vodafone,,generic SD or DD,No,Duty 9650 (0508 - 1008) (see work ticket),Night Chargehand
,,Vodafone Shuttle,Bracknell - Vodafone,,generic SD or DD,No,Duty 9651 (1513 - 2012) (see work ticket),Night Chargehand
Thurs,120117,Southern Rail Repl,Redhill area,,DD High Speed,No,Duty 9730 501A 0425 - 1620 30 minute break to be arranged,Night Chargehand
,,,,,DD High Speed,No,Duty 9731 502A 0425 - 1620 30 minute break to be arranged,Night Chargehand
,,,,,Ferry Vehicle,No,Duty 9732 511A 1225 - 0020 30 minute break to be arranged,Night Chargehand
,,,,,Ferry Vehicle,No,Duty 9733 512A 1225 - 0020 30 minute break to be arranged,Night Chargehand
Fri,130117,Marketing & PR,CALM event,,1114,No,To be cleaned and parked in East yard 1200 - 1400,Night Chargehand
Fri,130117,Vodafone Shuttle,Bracknell - Vodafone,,generic SD or DD,No,Duty 9650 (0508 - 1008) (see work ticket),Night Chargehand
,,Vodafone Shuttle,Bracknell - Vodafone,,generic SD or DD,No,Duty 9651 (1513 - 2012) (see work ticket),Night Chargehand
Fri,130117,Southern Rail Repl,Redhill area,,DD High Speed,No,Duty 9730 501A 0425 - 1620 30 minute break to be arranged,Night Chargehand
,,,,,DD High Speed,No,Duty 9731 502A 0425 - 1620 30 minute break to be arranged,Night Chargehand
,,,,,Ferry Vehicle,No,Duty 9732 511A 1225 - 0020 30 minute break to be arranged,Night Chargehand
,,,,,Ferry Vehicle,No,Duty 9733 512A 1225 - 0020 30 minute break to be arranged,Night Chargehand
,,,,,SD High Back Seats,No,Duty 9734 503A 0425 - 1620 30 minute break to be arranged,Night Chargehand
,,,,,Ferry Vehicle,No,Duty 9735 513A 1225 - 0020 30 minute break to be arranged,Night Chargehand
Sat,140117,Marketing & PR,Royal Blue Launch,,703,No,Duty 9760 0830 - 1745 Joe Wood,Night Chargehand
Sat,140117,Southern Rail Repl,Redhill area,,DD High Speed,No,Duty 9730 501A 0425 - 1620 30 minute break to be arranged,Night Chargehand
,,CANCELLED,,,Ferry Vehicle,No,Duty 9732 511A 1225 - 0020 30 minute break to be arranged,Night Chargehand
,,,,,DD High Speed,No,Duty 9731 502A 0425 - 1620 30 minute break to be arranged,Night Chargehand
,,,,,Ferry Vehicle,No,Duty 9733 512A 1225 - 0020 30 minute break to be arranged,Night Chargehand
Sun,150117,GWR Rail Repl,Reading and Newbury,,SD High Back Seats,No,Duty 9730 69A 0723 - 1000,Night Chargehand
Sun,150117,SWR Rail Repl,Barnes -,,DD High Speed,No,Duty 9731 484A 0640 - 1713 Break 1212 - 1310,Night Chargehand
,,,Teddington/Hounslow,,,,Non-Driving Time 1/08,
,,,,,DD High Speed,No,Duty 9732 484B 1448 - 0303 Breaks 1712-1810 & 2212-2302,Night Chargehand
,,,,,,,Non-Driving Time 1/01,
Sun,150117,Private Hire,Kidz Klub,,2 x DD (524/525/526/860),No,KC1 Duty 9760 0730 - 1349 and KC3 Duty 9762 0745 - 1333,Night Chargehand
Mon,160117,Vodafone Shuttle,Bracknell - Vodafone,,generic SD or DD,No,Duty 9650 (0508 - 1008) (see work ticket),Night Chargehand
,,Vodafone Shuttle,Bracknell - Vodafone,,generic SD or DD,No,Duty 9651 (1513 - 2012) (see work ticket),Night Chargehand
Mon,160117,GWR Rail Repl,Reading and Newbury,,SD High Back Seats,No,Duty 9730 7485A 2129 - 0036,Night Chargehand
Tues,170117,Vodafone Shuttle,Bracknell - Vodafone,,generic SD or DD,No,Duty 9650 (0508 - 1008) (see work ticket),Night Chargehand
,,Vodafone Shuttle,Bracknell - Vodafone,,generic SD or DD,No,Duty 9651 (1513 - 2012) (see work ticket),Night Chargehand
Tues,170117,GWR Rail Repl,Reading and Newbury,,SD High Back Seats,No,Duty 9730 7485A 2129 - 0036,Night Chargehand
Wed,180117,Vodafone Shuttle,Bracknell - Vodafone,,generic SD or DD,No,Duty 9650 (0508 - 1008) (see work ticket),Night Chargehand
,,Vodafone Shuttle,Bracknell - Vodafone,,generic SD or DD,No,Duty 9651 (1513 - 2012) (see work ticket),Night Chargehand
Wed,180117,GWR Rail Repl,Reading and Newbury,,SD High Back Seats,No,Duty 9730 7485A 2129 - 0036,Night Chargehand
Thurs,190117,Vodafone Shuttle,Bracknell - Vodafone,,generic SD or DD,No,Duty 9650 (0508 - 1008) (see work ticket),Night Chargehand
,,Vodafone Shuttle,Bracknell - Vodafone,,generic SD or DD,No,Duty 9651 (1513 - 2012) (see work ticket),Night Chargehand
Thurs,190117,GWR Rail Repl,Reading and Newbury,,SD High Back Seats,No,Duty 9730 7485A 2129 - 0036,Night Chargehand
Fri,200117,Vodafone Shuttle,Bracknell - Vodafone,,generic SD or DD,No,Duty 9650 (0508 - 1008) (see work ticket),Night Chargehand
,,Vodafone Shuttle,Bracknell - Vodafone,,generic SD or DD,No,Duty 9651 (1513 - 2012) (see work ticket),Night Chargehand
Sat,210117,Rugby Cup R6,Ospreys Premiership,1400,6 x DD,No,,Control
Sat ,210117,GWR Rail Repl,Twyford and,,SD High Back Seats,No,Duty 9730 46A 2329 - 0155,Night Chargehand
,,,Reading,,SD High Back Seats,No,Duty 9731 49A 2349 - 0305,Night Chargehand
Sun,220117,SWT Rail Repl,Hampton Court and,,Streetlite,No,Duty 9730 428A 0755 - 1630 Break 1155-1249,Night Chargehand
,,,Clapham Junction,,Ferry Vehicle,No,Duty 9731 428B 1400 - 0055 Breaks 1530-1619 & 1855-1949,Night Chargehand
,,,,,Streetlite,No,Duty 9732 429A 0605 - 1700 Breaks 0855-0949 & 1225-1319,Night Chargehand
,,,,,Ferry Vehicle,No,Duty 9733 429B 1425 - 0130 Breaks 1600-1649 & 1925-2019,Night Chargehand
Mon,230117,Vodafone Shuttle,Bracknell - Vodafone,,generic SD or DD,No,Duty 9650 (0508 - 1008) (see work ticket),Night Chargehand
,,Vodafone Shuttle,Bracknell - Vodafone,,generic SD or DD,No,Duty 9651 (1513 - 2012) (see work ticket),Night Chargehand
Tues,240117,Vodafone Shuttle,Bracknell - Vodafone,,generic SD or DD,No,Duty 9650 (0508 - 1008) (see work ticket),Night Chargehand
,,Vodafone Shuttle,Bracknell - Vodafone,,generic SD or DD,No,Duty 9651 (1513 - 2012) (see work ticket),Night Chargehand
Tues,240117,Southern Rail Repl,Redhill area,,DD High Speed,No,Duty 9730 501A 0425 - 1620 30 minute break to be arranged,Night Chargehand
,,CANCELLED,,,DD High Speed,No,Duty 9731 502A 0425 - 1620 30 minute break to be arranged,Night Chargehand
,,,,,Ferry Vehicle,No,Duty 9732 511A 1225 - 0020 30 minute break to be arranged,Night Chargehand
,,,,,Ferry Vehicle,No,Duty 9733 512A 1225 - 0020 30 minute break to be arranged,Night Chargehand
,,,,,SD High Back Seats,No,Duty 9734 503A 0425 - 1620 30 minute break to be arranged,Night Chargehand
,,,,,Ferry Vehicle,No,Duty 9735 513A 1225 - 0020 30 minute break to be arranged,Night Chargehand
Tues,240117,Football,Fulham,2000,RTL 30 x DD 5 x SD,No,F41 only,Control
Wed,250117,Vodafone Shuttle,Bracknell - Vodafone,,generic SD or DD,No,Duty 9650 (0508 - 1008) (see work ticket),Night Chargehand
,,Vodafone Shuttle,Bracknell - Vodafone,,generic SD or DD,No,Duty 9651 (1513 - 2012) (see work ticket),Night Chargehand
Wed,250117,Southern Rail Repl,Redhill area,,DD High Speed,No,Duty 9730 501A 0425 - 1620 30 minute break to be arranged,Night Chargehand
,,CANCELLED,,,DD High Speed,No,Duty 9731 502A 0425 - 1620 30 minute break to be arranged,Night Chargehand
,,,,,Ferry Vehicle,No,Duty 9732 511A 1225 - 0020 30 minute break to be arranged,Night Chargehand
,,,,,Ferry Vehicle,No,Duty 9733 512A 1225 - 0020 30 minute break to be arranged,Night Chargehand
,,,,,SD High Back Seats,No,Duty 9734 503A 0425 - 1620 30 minute break to be arranged,Night Chargehand
,,,,,Ferry Vehicle,No,Duty 9735 513A 1225 - 0020 30 minute break to be arranged,Night Chargehand
Thurs,260117,Vodafone Shuttle,Bracknell - Vodafone,,generic SD or DD,No,Duty 9650 (0508 - 1008) (see work ticket),Night Chargehand
,,Vodafone Shuttle,Bracknell - Vodafone,,generic SD or DD,No,Duty 9651 (1513 - 2012) (see work ticket),Night Chargehand
Fri,270117,Vodafone Shuttle,Bracknell - Vodafone,,generic SD or DD,No,Duty 9650 (0508 - 1008) (see work ticket),Night Chargehand
,,Vodafone Shuttle,Bracknell - Vodafone,,generic SD or DD,No,Duty 9651 (1513 - 2012) (see work ticket),Night Chargehand
Fri,270117,Southern Rail Repl,Redhill area,,DD High Speed,No,Duty 9730 501A 0425 - 1620 30 minute break to be arranged,Night Chargehand
,,CANCELLED,,,DD High Speed,No,Duty 9731 502A 0425 - 1620 30 minute break to be arranged,Night Chargehand
,,,,,Ferry Vehicle,No,Duty 9732 511A 1225 - 0020 30 minute break to be arranged,Night Chargehand
,,,,,Ferry Vehicle,No,Duty 9733 512A 1225 - 0020 30 minute break to be arranged,Night Chargehand
,,,,,SD High Back Seats,No,Duty 9734 503A 0425 - 1620 30 minute break to be arranged,Night Chargehand
,,,,,Ferry Vehicle,No,Duty 9735 513A 1225 - 0020 30 minute break to be arranged,Night Chargehand
Sat ,280117,Football,Cardiff City,1500,RTL 31 x DD 5 x SD,No,F40 and F41,Control
Sat,280117,GWR Rail Repl,Twyford and,,SD High Back Seats,No,Duty 9730 39A 2329 - 0155,Night Chargehand
,,,Reading,,SD High Back Seats,No,Duty 9731 42A 2349 - 0305,Night Chargehand
Sun,290117,SWT Rail Repl,Hampton Court and,,Newbury SD,No,Duty 9730 428A 0700 - 1700 Break 1155-1249,Night Chargehand
,,,Clapham Junction,,651 - 654,No,Duty 9731 428B 1400 - 0055 Breaks 1530-1619 & 1855-1949,Night Chargehand
,,,,,651 - 654,No,Duty 9732 429A 0605 - 1700 Breaks 0855-0949 & 1225-1319,Night Chargehand
,,,,,651 - 654,No,Duty 9733 429B 1425 - 0130 Breaks 1600-1649 & 1925-2019,Night Chargehand
Mon,300117,Vodafone Shuttle,Bracknell - Vodafone,,generic SD or DD,No,Duty 9650 (0508 - 1008) (see work ticket),Night Chargehand
,,Vodafone Shuttle,Bracknell - Vodafone,,generic SD or DD,No,Duty 9651 (1513 - 2012) (see work ticket),Night Chargehand
Tues,310117,Vodafone Shuttle,Bracknell - Vodafone,,generic SD or DD,No,Duty 9650 (0508 - 1008) (see work ticket),Night Chargehand
,,Vodafone Shuttle,Bracknell - Vodafone,,generic SD or DD,No,Duty 9651 (1513 - 2012) (see work ticket),Night Chargehand
Wed,010217,Vodafone Shuttle,Bracknell - Vodafone,,generic SD or DD,No,Duty 9650 (0508 - 1008) (see work ticket),Night Chargehand
,,Vodafone Shuttle,Bracknell - Vodafone,,generic SD or DD,No,Duty 9651 (1513 - 2012) (see work ticket),Night Chargehand
Thurs,020217,Vodafone Shuttle,Bracknell - Vodafone,,generic SD or DD,No,Duty 9650 (0508 - 1008) (see work ticket),Night Chargehand
,,Vodafone Shuttle,Bracknell - Vodafone,,generic SD or DD,No,Duty 9651 (1513 - 2012) (see work ticket),Night Chargehand
Fri,030217,Vodafone Shuttle,Bracknell - Vodafone,,generic SD or DD,No,Duty 9650 (0508 - 1008) (see work ticket),Night Chargehand
,,Vodafone Shuttle,Bracknell - Vodafone,,generic SD or DD,No,Duty 9651 (1513 - 2012) (see work ticket),Night Chargehand
Sat,040217,GWR Rail Repl,Twyford and,,SD High Back Seats,No,Duty 9730 39A 2329 - 0155,Night Chargehand
,,,Reading,,SD High Back Seats,No,Duty 9731 42A 2349 - 0305,Night Chargehand
Sun,050217,Rugby Union,Nottingham Rugby,1500,TBA by Control,No,,Control
Sun,050217,SWT Rail Repl,Hounslow and,,DD High Speed,No,Duty 9730 428A 0508 - 1411 Breaks 0915-0952 & 1145-1222,Night Chargehand
,,,Windsor & Eton,,DD High Speed,No,"Duty 9731 428B 1208 - 2250 Breaks 1415-1452, 1645-1722 ",Night Chargehand
,,,(Riverside),,,,and 1915 - 1952,
,,,,,DD High Speed,No,Duty 9732 429A 0538 - 1439 Breaks 0945-1022 & 1215-1252,Night Chargehand
,,,,,DD High Speed,No,"Duty 9733 429B 1238 - 0009 Breaks 1445-1522, 1715-1752",Night Chargehand
,,,,,,,and 1945 - 2022,
Mon,060217,Vodafone Shuttle,Bracknell - Vodafone,,generic SD or DD,No,Duty 9650 (0508 - 1008) (see work ticket),Night Chargehand
,,Vodafone Shuttle,Bracknell - Vodafone,,generic SD or DD,No,Duty 9651 (1513 - 2012) (see work ticket),Night Chargehand
Mon,060217,Tube Replacement,Paddington - Old St,,DD High Speed,No,Duty 9730 205A 0325 - 1620 Minimum 30 minute break TBA,Night Chargehand
,,CANCELLED,Paddington - Old St,,DD High Speed,No,Duty 9731 205B 0325 - 1620 Minimum 30 minute break TBA,Night Chargehand
,,,Paddington - Old St,,DD High Speed,No,Duty 9732 205C 0325 - 1620 Minimum 30 minute break TBA,Night Chargehand
,,,H'smith -,,DD High Speed,No,Duty 9733 8A 0340 - 1605 Minimum 30 minute break TBA,Night Chargehand
Tues,070217,Vodafone Shuttle,Bracknell - Vodafone,,generic SD or DD,No,Duty 9650 (0508 - 1008) (see work ticket),Night Chargehand
,,Vodafone Shuttle,Bracknell - Vodafone,,generic SD or DD,No,Duty 9651 (1513 - 2012) (see work ticket),Night Chargehand
Tues,070217,Tube Replacement,Paddington - Old St,,DD High Speed,No,Duty 9730 205A 1125 - 2220 Minumum 30 minute break TBA,Night Chargehand
,,CANCELLED,Paddington - Old St,,DD High Speed,No,Duty 9731 205B 1125 - 2220 Minumum 30 minute break TBA,Night Chargehand
,,,Paddington - Old St,,DD High Speed,No,Duty 9732 205C 1125 - 2220 Minumum 30 minute break TBA,Night Chargehand
,,,H'smith -,,DD High Speed,No,Duty 9733 8A 1140 - 2205 Minimum 30 minute break TBA,Night Chargehand
Wed,080217,Vodafone Shuttle,Bracknell - Vodafone,,generic SD or DD,No,Duty 9650 (0508 - 1008) (see work ticket),Night Chargehand
,,Vodafone Shuttle,Bracknell - Vodafone,,generic SD or DD,No,Duty 9651 (1513 - 2012) (see work ticket),Night Chargehand
Thurs,090217,Vodafone Shuttle,Bracknell - Vodafone,,generic SD or DD,No,Duty 9650 (0508 - 1008) (see work ticket),Night Chargehand
,,Vodafone Shuttle,Bracknell - Vodafone,,generic SD or DD,No,Duty 9651 (1513 - 2012) (see work ticket),Night Chargehand
Fri,100217,Vodafone Shuttle,Bracknell - Vodafone,,generic SD or DD,No,Duty 9650 (0508 - 1008) (see work ticket),Night Chargehand
,,Vodafone Shuttle,Bracknell - Vodafone,,generic SD or DD,No,Duty 9651 (1513 - 2012) (see work ticket),Night Chargehand
Sat,110217,Football,Barnsley,1500,TBA by Control,No,F40 and F41,Control
Sun,120217,SWT Rail Repl,Clapham Junction,,DD High Speed,No,Duty 9730 602A 0424 - 1415 Break 0952 - 1048,Night Chargehand
,,,and,,DD High Speed,No,Duty 9731 602B 1217 - 0129 Breaks 1604-1658 & 1828 - 2022,Night Chargehand
,,,Twickenham,,,,Non Driving 1/00,
,,,or Kew Bridge,,DD High Speed,No,Duty 9732 608A 0533 - 1510 Break 1104 - 1148,Night Chargehand
,,,,,DD High Speed,No,Duty 9733 608B 1317 - 0229 Breaks 1704-1748 & 2304-2349,Night Chargehand
,,,,,,,Non Driving 1/37,
,,,,,DD High Speed,No,Duty 9734 612A 0514 - 1657 Breaks 0904-0958 & 1228-1322,Night Chargehand
,,,,,DD High Speed,No,Duty 9735 612B 1528 - 0229 Breaks 2202-2258 & 1915-1945,Night Chargehand
Mon,130217,Vodafone Shuttle,Bracknell - Vodafone,,generic SD or DD,No,Duty 9650 (0508 - 1008) (see work ticket),Night Chargehand
,,Vodafone Shuttle,Bracknell - Vodafone,,generic SD or DD,No,Duty 9651 (1513 - 2012) (see work ticket),Night Chargehand
Tues,140217,Vodafone Shuttle,Bracknell - Vodafone,,generic SD or DD,No,Duty 9650 (0508 - 1008) (see work ticket),Night Chargehand
,,Vodafone Shuttle,Bracknell - Vodafone,,generic SD or DD,No,Duty 9651 (1513 - 2012) (see work ticket),Night Chargehand
Tues,140217,Football,Brentford,2000,TBA by Control,No, F41,Control
Wed,150217,Vodafone Shuttle,Bracknell - Vodafone,,generic SD or DD,No,Duty 9650 (0508 - 1008) (see work ticket),Night Chargehand
,,Vodafone Shuttle,Bracknell - Vodafone,,generic SD or DD,No,Duty 9651 (1513 - 2012) (see work ticket),Night Chargehand
Thurs,160217,Vodafone Shuttle,Bracknell - Vodafone,,generic SD or DD,No,Duty 9650 (0508 - 1008) (see work ticket),Night Chargehand
,,Vodafone Shuttle,Bracknell - Vodafone,,generic SD or DD,No,Duty 9651 (1513 - 2012) (see work ticket),Night Chargehand
Fri,170217,Vodafone Shuttle,Bracknell - Vodafone,,generic SD or DD,No,Duty 9650 (0508 - 1008) (see work ticket),Night Chargehand
,,Vodafone Shuttle,Bracknell - Vodafone,,generic SD or DD,No,Duty 9651 (1513 - 2012) (see work ticket),Night Chargehand
Sat,180217,GWR Rail Repl,Twyford and,,SD High Back Seats,No,Duty 9730 28A 2329 - 0155,Night Chargehand
,,,Reading,,SD High Back Seats,No,Duty 9731 31A 2349 - 0305,Night Chargehand
Sat,180217,Private Hire,UoR London Rd and,,201/208/209,Yes,Duty 9760 1240 - 1410,Night Chargehand
,,,UoR Whiteknights,,201/208/209,Yes,Duty 9761 1540 - 1700,Night Chargehand
Sun,190217,Private Hire,Kidz Klub,,2 x DD (524/525/526/860),No,KC1 Duty 9760 0730 - 1349 and KC3 Duty 9762 0745 - 1333,Night Chargehand
Sun,190217,SWT Rail Repl,Hounslow and,,DD High Speed,No,Duty 9730 427A 0558 - 1627 Breaks 0948-1038 & 1318-1418,Night Chargehand
,,,Ascot,,DD High Speed,No,"Duty 9731 427B 1447 - 0218 Breaks 1648-1738, 2018-2118",Night Chargehand
,,,,,,,and 2348-0018,
,,,,,DD High Speed,No,Duty 9732 433A 0548 - 1427 Breaks 0807-0838 & 1118-1218,Night Chargehand
,,,,,DD High Speed,No,"Duty 9733 433B 1247 - 0047 Breaks 1448-1538, 1818-1918",Night Chargehand
,,,,,,,and 2148-2238,
,,,,,DD High Speed,No,Duty 9734 437A 0643 - 1532 Breaks 0907-0938 & 1218-1318,Night Chargehand
,,,,,DD High Speed,No,"Duty 9735 437B 1342 - 0203 Breaks 1548-1638, 1918-2018",Night Chargehand
,,,,,,,and 2248-2340,
,,,,,DD High Speed,No,Duty 9736 438A 0712 - 1518 Breaks 0918-0952 & 1247-1322,Night Chargehand
,,,,,DD High Speed,No,"Duty 9737 438B 1343 - 0139 Breaks 1607-1652, 1758-1828,",Night Chargehand
,,,,,,,1947-2022 and 2307-2340,
Mon,200217,Vodafone Shuttle,Bracknell - Vodafone,,generic SD or DD,No,Duty 9650 (0508 - 1008) (see work ticket),Night Chargehand
,,Vodafone Shuttle,Bracknell - Vodafone,,generic SD or DD,No,Duty 9651 (1513 - 2012) (see work ticket),Night Chargehand
Tues,210217,Vodafone Shuttle,Bracknell - Vodafone,,generic SD or DD,No,Duty 9650 (0508 - 1008) (see work ticket),Night Chargehand
,,Vodafone Shuttle,Bracknell - Vodafone,,generic SD or DD,No,Duty 9651 (1513 - 2012) (see work ticket),Night Chargehand
Wed,220217,Vodafone Shuttle,Bracknell - Vodafone,,generic SD or DD,No,Duty 9650 (0508 - 1008) (see work ticket),Night Chargehand
,,Vodafone Shuttle,Bracknell - Vodafone,,generic SD or DD,No,Duty 9651 (1513 - 2012) (see work ticket),Night Chargehand
Wed,220217,Tube Replacement,Epping - Chingford,,DD High Speed,No,"Duty 9730 0500 - 1815 Breaks 0720-0750, 1140-1230",Night Chargehand
,,,,,,,and 1515-1545,
,,,,,DD High Speed,No,"Duty 9731 1255 - 0045 Breaks 1445-1515, 2010-2050",Night Chargehand
,,,,,,,and 2240-2310,
Thurs,230217,Vodafone Shuttle,Bracknell - Vodafone,,generic SD or DD,No,Duty 9650 (0508 - 1008) (see work ticket),Night Chargehand
,,Vodafone Shuttle,Bracknell - Vodafone,,generic SD or DD,No,Duty 9651 (1513 - 2012) (see work ticket),Night Chargehand
Fri,240217,Vodafone Shuttle,Bracknell - Vodafone,,generic SD or DD,No,Duty 9650 (0508 - 1008) (see work ticket),Night Chargehand
,,Vodafone Shuttle,Bracknell - Vodafone,,generic SD or DD,No,Duty 9651 (1513 - 2012) (see work ticket),Night Chargehand
Sat,250217,Rugby Union,London Scottish,1500,TBA by Control,No,,Control
Sat,250217,GWR Rail Repl,Twyford and,,SD High Back Seats,No,Duty 9730 54A 2329 - 0155,Night Chargehand
,,,Reading,,SD High Back Seats,No,Duty 9731 57A 2349 - 0305,Night Chargehand
Mon,270217,Vodafone Shuttle,Bracknell - Vodafone,,generic SD or DD,No,Duty 9650 (0508 - 1008) (see work ticket),Night Chargehand
,,Vodafone Shuttle,Bracknell - Vodafone,,generic SD or DD,No,Duty 9651 (1513 - 2012) (see work ticket),Night Chargehand
Mon,270217,GWR Rail Repl,Reading and Newbury,,SD High Back Seats,No,Duty 9730 7498A 2119 - 0036,Night Chargehand
Tues,280217,Vodafone Shuttle,Bracknell - Vodafone,,generic SD or DD,No,Duty 9650 (0508 - 1008) (see work ticket),Night Chargehand
,,Vodafone Shuttle,Bracknell - Vodafone,,generic SD or DD,No,Duty 9651 (1513 - 2012) (see work ticket),Night Chargehand
Tues,280217,GWR Rail Repl,Reading and Newbury,,SD High Back Seats,No,Duty 9730 7498A 2119 - 0036,Night Chargehand
Wed,010317,Vodafone Shuttle,Bracknell - Vodafone,,generic SD or DD,No,Duty 9650 (0508 - 1008) (see work ticket),Night Chargehand
,,Vodafone Shuttle,Bracknell - Vodafone,,generic SD or DD,No,Duty 9651 (1513 - 2012) (see work ticket),Night Chargehand
Wed,010317,GWR Rail Repl,Reading and Newbury,,SD High Back Seats,No,Duty 9730 7498A 2119 - 0036,Night Chargehand
Thurs,020317,Vodafone Shuttle,Bracknell - Vodafone,,generic SD or DD,No,Duty 9650 (0508 - 1008) (see work ticket),Night Chargehand
,,Vodafone Shuttle,Bracknell - Vodafone,,generic SD or DD,No,Duty 9651 (1513 - 2012) (see work ticket),Night Chargehand
Thurs,020317,GWR Rail Repl,Reading and Newbury,,SD High Back Seats,No,Duty 9730 7498A 2119 - 0036,Night Chargehand
Fri,030317,Vodafone Shuttle,Bracknell - Vodafone,,generic SD or DD,No,Duty 9650 (0508 - 1008) (see work ticket),Night Chargehand
,,Vodafone Shuttle,Bracknell - Vodafone,,generic SD or DD,No,Duty 9651 (1513 - 2012) (see work ticket),Night Chargehand
Sat,040317,Football,Wolves,1500,TBA  by Control,No,F40 and  F41,Control
Sat,040317,SWT Rail Repl,Clapham Junction,,DD High Speed,,Duty 9730 701A 0438 - 1700 Breaks 0850 - 0928 & 1220-1258,Night Chargehand
,,week 49,and,,,,Non Driving Time = 1/21,
,,,Chessington South,,DD High Speed,,Duty 9731 701B 1508 - 0235 Breaks 1920-1958 & 2340-0010,Night Chargehand
,,,,,DD High Speed,,Duty 9732 705A 0430 - 1530 Breaks 0720-0758 & 1050-1128,Night Chargehand
,,,,,DD High Speed,,Duty 9733 705B 1338 - 0033 Breaks 1750-1828 & 2120-2158,Night Chargehand
,,,,,DD High Speed,,Duty 9734 707A 0535 - 1630 Breaks 0820-0858 & 1150-1228,Night Chargehand
,,,,,DD High Speed,,Duty 9735 707B 1438 - 0250 Breaks 1850-1928 & 2310-0005,Night Chargehand
,,,,,,,Non Driving Time = 0/54,
Sun,050317,SWT Rail Repl,Hounslow,,DD High Speed,No,"Duty 9730 478A 0602 - 1613 Breaks 1007-1052, 1158-1228",Night Chargehand
,,week 49,,,,,and 1347-1422,
,,,and,,DD High Speed,No,"Duty 9731 478B 1448 - 0112 Breaks 1707-1752, 1858-1928",Night Chargehand
,,,,,,,amd 2047-2122,
,,,Ascot,,DD High Speed,No,Duty 9732 479A 0620 - 1649 Breaks 1018-1118 and 1348-1440,Night Chargehand
,,,,,DD High Speed,No,Duty 9733 479B 1517 - 0141 Breaks 1718-1818 and 2048-2140,Night Chargehand
,,,,,DD High Speed,No,Duty 9734 482A 0547 - 1343 Breaks 0748-0822 and 1107-1152,Night Chargehand
,,,,,DD High Speed,No,"Duty 9735 482B 1228 - 0013 Breaks 1447-1522, 1807-1852",Night Chargehand
,,,,,,,and 2147-2222,
,,,,,DD High Speed,No,Duty 9736 486A 0647 - 1443 Breaks 0848-0922 and 1207-1252,Night Chargehand
,,,,,DD High Speed,No,"Duty 9727 486B 1328 - 0113 Breaks 1547-1622, 1907-1952",Night Chargehand
,,,,,,,and 2247-2322,
Mon,060317,Vodafone Shuttle,Bracknell - Vodafone,,generic SD or DD,No,Duty 9650 (0508 - 1008) (see work ticket),Night Chargehand
,,Vodafone Shuttle,Bracknell - Vodafone,,generic SD or DD,No,Duty 9651 (1513 - 2012) (see work ticket),Night Chargehand
Tues,070317,Football,Newcastle United,2000,TBA by Control,No, F41,Control
Tues,070317,Vodafone Shuttle,Bracknell - Vodafone,,generic SD or DD,No,Duty 9650 (0508 - 1008) (see work ticket),Night Chargehand
,,Vodafone Shuttle,Bracknell - Vodafone,,generic SD or DD,No,Duty 9651 (1513 - 2012) (see work ticket),Night Chargehand
Wed,080317,Vodafone Shuttle,Bracknell - Vodafone,,generic SD or DD,No,Duty 9650 (0508 - 1008) (see work ticket),Night Chargehand
,,Vodafone Shuttle,Bracknell - Vodafone,,generic SD or DD,No,Duty 9651 (1513 - 2012) (see work ticket),Night Chargehand
Thurs,090317,Vodafone Shuttle,Bracknell - Vodafone,,generic SD or DD,No,Duty 9650 (0508 - 1008) (see work ticket),Night Chargehand
,,Vodafone Shuttle,Bracknell - Vodafone,,generic SD or DD,No,Duty 9651 (1513 - 2012) (see work ticket),Night Chargehand
Fri,100317,Vodafone Shuttle,Bracknell - Vodafone,,generic SD or DD,No,Duty 9650 (0508 - 1008) (see work ticket),Night Chargehand
,,Vodafone Shuttle,Bracknell - Vodafone,,generic SD or DD,No,Duty 9651 (1513 - 2012) (see work ticket),Night Chargehand
Sat,110317,Rugby Union,Yorkshire Carnegie,1400,TBA by Control,No,,Control
Mon,130317,Vodafone Shuttle,Bracknell - Vodafone,,generic SD or DD,No,Duty 9650 (0508 - 1008) (see work ticket),Night Chargehand
,,Vodafone Shuttle,Bracknell - Vodafone,,generic SD or DD,No,Duty 9651 (1513 - 2012) (see work ticket),Night Chargehand
Tues,140317,Vodafone Shuttle,Bracknell - Vodafone,,generic SD or DD,No,Duty 9650 (0508 - 1008) (see work ticket),Night Chargehand
,,Vodafone Shuttle,Bracknell - Vodafone,,generic SD or DD,No,Duty 9651 (1513 - 2012) (see work ticket),Night Chargehand
Wed,150317,Vodafone Shuttle,Bracknell - Vodafone,,generic SD or DD,No,Duty 9650 (0508 - 1008) (see work ticket),Night Chargehand
,,Vodafone Shuttle,Bracknell - Vodafone,,generic SD or DD,No,Duty 9651 (1513 - 2012) (see work ticket),Night Chargehand
Thurs,160317,Vodafone Shuttle,Bracknell - Vodafone,,generic SD or DD,No,Duty 9650 (0508 - 1008) (see work ticket),Night Chargehand
,,Vodafone Shuttle,Bracknell - Vodafone,,generic SD or DD,No,Duty 9651 (1513 - 2012) (see work ticket),Night Chargehand
Fri,170317,Vodafone Shuttle,Bracknell - Vodafone,,generic SD or DD,No,Duty 9650 (0508 - 1008) (see work ticket),Night Chargehand
,,Vodafone Shuttle,Bracknell - Vodafone,,generic SD or DD,No,Duty 9651 (1513 - 2012) (see work ticket),Night Chargehand
Sat,180317,Rugby Union,Cornish Pirates,1400,TBA by Control,No,,Control
Sat,180317,GWR Rail Repl,Twyford and,,SD High Back Seats,No,Duty 9730 49A 2329 - 0154,Night Chargehand
,,,Reading,,SD High Back Seats,No,Duty 9731 52A 2349 - 0305,Night Chargehand
Sun,190317,Reading ½ Marathon,,,TBA,,,
Sun,190317,Private Hire,Kidz Klub,,2 x DD (524/525/526/860),No,KC1 Duty 9760 0730 - 1349 and KC3 Duty 9762 0745 - 1333,Night Chargehand
Mon,200317,Vodafone Shuttle,Bracknell - Vodafone,,generic SD or DD,No,Duty 9650 (0508 - 1008) (see work ticket),Night Chargehand
,,Vodafone Shuttle,Bracknell - Vodafone,,generic SD or DD,No,Duty 9651 (1513 - 2012) (see work ticket),Night Chargehand
Tues,210317,Vodafone Shuttle,Bracknell - Vodafone,,generic SD or DD,No,Duty 9650 (0508 - 1008) (see work ticket),Night Chargehand
,,Vodafone Shuttle,Bracknell - Vodafone,,generic SD or DD,No,Duty 9651 (1513 - 2012) (see work ticket),Night Chargehand
Wed,220317,Vodafone Shuttle,Bracknell - Vodafone,,generic SD or DD,No,Duty 9650 (0508 - 1008) (see work ticket),Night Chargehand
,,Vodafone Shuttle,Bracknell - Vodafone,,generic SD or DD,No,Duty 9651 (1513 - 2012) (see work ticket),Night Chargehand
Thurs,230717,Vodafone Shuttle,Bracknell - Vodafone,,generic SD or DD,No,Duty 9650 (0508 - 1008) (see work ticket),Night Chargehand
,,Vodafone Shuttle,Bracknell - Vodafone,,generic SD or DD,No,Duty 9651 (1513 - 2012) (see work ticket),Night Chargehand
Fri,240317,Vodafone Shuttle,Bracknell - Vodafone,,generic SD or DD,No,Duty 9650 (0508 - 1008) (see work ticket),Night Chargehand
,,Vodafone Shuttle,Bracknell - Vodafone,,generic SD or DD,No,Duty 9651 (1513 - 2012) (see work ticket),Night Chargehand
Sat,250317,GWR Rail Repl,Twyford and,,SD High Back Seats,No,Duty 9730 26A 2329 - 0154,Night Chargehand
,,,Reading,,SD High Back Seats,No,Duty 9731 29A 2349 - 0305,Night Chargehand
Sat,010417,Football,Leeds United,1730,TBA by Control,No,F40 and F41,Control
Sat,010417,GWR Rail Repl,Twyford and,,SD High Back Seats,No,Duty 9730 16A 2329 - 0154,Night Chargehand
,,,Reading,,SD High Back Seats,No,Duty 9731 19A 2349 - 0305,Night Chargehand
Mon,030417,Vodafone Shuttle,Bracknell - Vodafone,,generic SD or DD,No,Duty 9650 (0508 - 1008) (see work ticket),Night Chargehand
,,Vodafone Shuttle,Bracknell - Vodafone,,generic SD or DD,No,Duty 9651 (1513 - 2012) (see work ticket),Night Chargehand
Tues,040417,Vodafone Shuttle,Bracknell - Vodafone,,generic SD or DD,No,Duty 9650 (0508 - 1008) (see work ticket),Night Chargehand
,,Vodafone Shuttle,Bracknell - Vodafone,,generic SD or DD,No,Duty 9651 (1513 - 2012) (see work ticket),Night Chargehand
Tues,040417,Football,Blackburn Rovers,2000,TBA by Control,No, F41,Control
Wed,050417,Vodafone Shuttle,Bracknell - Vodafone,,generic SD or DD,No,Duty 9650 (0508 - 1008) (see work ticket),Night Chargehand
,,Vodafone Shuttle,Bracknell - Vodafone,,generic SD or DD,No,Duty 9651 (1513 - 2012) (see work ticket),Night Chargehand
Thurs,060417,Private Hire,Town Centre - UoR,,DD,Yes,Duty 9760 1555 - 1725,Night Chargehand
,,,UoR - Town Centre,,DD,Yes,Duty 9761 2010 - 2130,Night Chargehand
Thurs,070417,Vodafone Shuttle,Bracknell - Vodafone,,generic SD or DD,No,Duty 9650 (0508 - 1008) (see work ticket),Night Chargehand
,,Vodafone Shuttle,Bracknell - Vodafone,,generic SD or DD,No,Duty 9651 (1513 - 2012) (see work ticket),Night Chargehand
Fri,070417,Private Hire,Town Centre - UoR,,DD,Yes,Duty 9760 0700 - 0905,Night Chargehand
,,,UoR -Blagrave Street,,DD,Yes,Duty 9761 1840 - 2000,Night Chargehand
Fri,080417,Vodafone Shuttle,Bracknell - Vodafone,,generic SD or DD,No,Duty 9650 (0508 - 1008) (see work ticket),Night Chargehand
,,Vodafone Shuttle,Bracknell - Vodafone,,generic SD or DD,No,Duty 9651 (1513 - 2012) (see work ticket),Night Chargehand
Sat,080417,Private Hire,Town Centre - UoR,,DD,Yes,Duty 9760 0700 - 0905,Night Chargehand
,,,UoR - Station,,DD,Yes,Duty 9761 1640 - 1800,Night Chargehand
Sat,080417,Rugby Union,Rotherham Titans,1500,TBA by Control,,,Control
Mon,100417,Vodafone Shuttle,Bracknell - Vodafone,,generic SD or DD,No,Duty 9650 (0508 - 1008) (see work ticket),Night Chargehand
,,Vodafone Shuttle,Bracknell - Vodafone,,generic SD or DD,No,Duty 9651 (1513 - 2012) (see work ticket),Night Chargehand
Tues,110417,Vodafone Shuttle,Bracknell - Vodafone,,generic SD or DD,No,Duty 9650 (0508 - 1008) (see work ticket),Night Chargehand
,,Vodafone Shuttle,Bracknell - Vodafone,,generic SD or DD,No,Duty 9651 (1513 - 2012) (see work ticket),Night Chargehand
Wed,120417,Vodafone Shuttle,Bracknell - Vodafone,,generic SD or DD,No,Duty 9650 (0508 - 1008) (see work ticket),Night Chargehand
,,Vodafone Shuttle,Bracknell - Vodafone,,generic SD or DD,No,Duty 9651 (1513 - 2012) (see work ticket),Night Chargehand
Thurs,130417,Vodafone Shuttle,Bracknell - Vodafone,,generic SD or DD,No,Duty 9650 (0508 - 1008) (see work ticket),Night Chargehand
,,Vodafone Shuttle,Bracknell - Vodafone,,generic SD or DD,No,Duty 9651 (1513 - 2012) (see work ticket),Night Chargehand
Fri,140417,Tube Replacement,Wembley Park,,DD High Speed,No,Duty 9730 Early Turn TBA,Night Chargehand
,,TBC,and ,,DD High Speed,No,Duty 9731 Late Turn TBA,Night Chargehand
,,,Rayners Lane,,DD High Speed,No,Duty 9732 Early Turn TBA,Night Chargehand
,,,,,DD High Speed,No,Duty 9733 Late Turn TBA,Night Chargehand
,,,,,DD High Speed,No,Duty 9734 Early Turn TBA,Night Chargehand
,,,,,DD High Speed,No,Duty 9735 Early Turn TBA,Night Chargehand
Sat,150417,Tube Replacement,Wembley Park,,DD High Speed,No,Duty 9730 Early Turn TBA,Night Chargehand
,,TBC,and ,,DD High Speed,No,Duty 9731 Late Turn TBA,Night Chargehand
,,,Rayners Lane,,DD High Speed,No,Duty 9732 Early Turn TBA,Night Chargehand
,,,,,DD High Speed,No,Duty 9733 Late Turn TBA,Night Chargehand
,,,,,DD High Speed,No,Duty 9734 Early Turn TBA,Night Chargehand
,,,,,DD High Speed,No,Duty 9735 Early Turn TBA,Night Chargehand
Sun,180417,Tube Replacement,Wembley Park,,DD High Speed,No,Duty 9730 Early Turn TBA,Night Chargehand
,,TBC,and ,,DD High Speed,No,Duty 9731 Late Turn TBA,Night Chargehand
,,,Rayners Lane,,DD High Speed,No,Duty 9732 Early Turn TBA,Night Chargehand
,,,,,DD High Speed,No,Duty 9733 Late Turn TBA,Night Chargehand
,,,,,DD High Speed,No,Duty 9734 Early Turn TBA,Night Chargehand
,,,,,DD High Speed,No,Duty 9735 Early Turn TBA,Night Chargehand
Mon,190417,Tube Replacement,Wembley Park,,DD High Speed,No,Duty 9730 Early Turn TBA,Night Chargehand
,,TBC,and ,,DD High Speed,No,Duty 9731 Late Turn TBA,Night Chargehand
,,,Rayners Lane,,DD High Speed,No,Duty 9732 Early Turn TBA,Night Chargehand
,,,,,DD High Speed,No,Duty 9733 Late Turn TBA,Night Chargehand
Mon,170417,Football,Rotherham United,1500,TBA by Control,No, F41,Control
Tues,180417,Vodafone Shuttle,Bracknell - Vodafone,,generic SD or DD,No,Duty 9650 (0508 - 1008) (see work ticket),Night Chargehand
,,Vodafone Shuttle,Bracknell - Vodafone,,generic SD or DD,No,Duty 9651 (1513 - 2012) (see work ticket),Night Chargehand
Wed,190417,Vodafone Shuttle,Bracknell - Vodafone,,generic SD or DD,No,Duty 9650 (0508 - 1008) (see work ticket),Night Chargehand
,,Vodafone Shuttle,Bracknell - Vodafone,,generic SD or DD,No,Duty 9651 (1513 - 2012) (see work ticket),Night Chargehand
Thurs,200417,Vodafone Shuttle,Bracknell - Vodafone,,generic SD or DD,No,Duty 9650 (0508 - 1008) (see work ticket),Night Chargehand
,,Vodafone Shuttle,Bracknell - Vodafone,,generic SD or DD,No,Duty 9651 (1513 - 2012) (see work ticket),Night Chargehand
Fri,210417,Vodafone Shuttle,Bracknell - Vodafone,,generic SD or DD,No,Duty 9650 (0508 - 1008) (see work ticket),Night Chargehand
,,Vodafone Shuttle,Bracknell - Vodafone,,generic SD or DD,No,Duty 9651 (1513 - 2012) (see work ticket),Night Chargehand
Mon,240417,Chiltern Railways,High Wycombe,,42-seat SD,No,"Duty 9730 61A 2020 - 0230 Breaks 2225-2255, 2325-2355",Night Chargehand
,,Rail Replacement,and Aylesbury,,,,and 0025-0055,
,,TBC,,,42 seat SD,No,Duty 9731 62A 2225 - 0615 Break 0210 - 0420,Night Chargehand
,,,,,42 seat SD,No,Duty 9732 63A 2241 - 0215,Night Chargehand
,,,,,42 seat SD,No,Duty 9733 64A 2305 - 0240,Night Chargehand
Tues,250417,Chiltern Railways,High Wycombe,,42-seat SD,No,"Duty 9730 61A 2020 - 0230 Breaks 2225-2255, 2325-2355",Night Chargehand
,,Rail Replacement,and Aylesbury,,,,and 0025-0055,
,,TBC,,,42 seat SD,No,Duty 9731 62A 2225 - 0615 Break 0210 - 0420,Night Chargehand
,,,,,42 seat SD,No,Duty 9732 63A 2241 - 0215,Night Chargehand
,,,,,42 seat SD,No,Duty 9733 64A 2305 - 0240,Night Chargehand
Wed,260417,Chiltern Railways,High Wycombe,,42-seat SD,No,"Duty 9730 61A 2020 - 0230 Breaks 2225-2255, 2325-2355",Night Chargehand
,,Rail Replacement,and Aylesbury,,,,and 0025-0055,
,,TBC,,,42 seat SD,No,Duty 9731 62A 2225 - 0615 Break 0210 - 0420,Night Chargehand
,,,,,42 seat SD,No,Duty 9732 63A 2241 - 0215,Night Chargehand
,,,,,42 seat SD,No,Duty 9733 64A 2305 - 0240,Night Chargehand
Thurs,270417,Chiltern Railways,High Wycombe,,42-seat SD,No,"Duty 9730 61A 2020 - 0230 Breaks 2225-2255, 2325-2355",Night Chargehand
,,Rail Replacement,and Aylesbury,,,,and 0025-0055,
,,TBC,,,42 seat SD,No,Duty 9731 62A 2225 - 0615 Break 0210 - 0420,Night Chargehand
,,,,,42 seat SD,No,Duty 9732 63A 2241 - 0215,Night Chargehand
,,,,,42 seat SD,No,Duty 9733 64A 2305 - 0240,Night Chargehand
Sat,290417,Football,Wigan Athletic,1500,TBA by Control,No,F40 and F41,Control
Sun,070517,Private Hire,Kidz Klub,,2 x DD (524/525/526/860),No,KC1 Duty 9760 0730 - 1349 and KC3 Duty 9762 0745 - 1333,Night Chargehand
Sun,040617,Private Hire,Kidz Klub,,2 x DD (524/525/526/860),No,KC1 Duty 9760 0730 - 1349 and KC3 Duty 9762 0745 - 1333,Night Chargehand
Sat,100617,Private Hire,Woodley Carnival,,1 x Open Top,Yes,Duty details TBA,
,,,,,1 x orange DD,No,Duty details TBA,
Sun,020717,Private Hire,Kidz Klub,,2 x DD (524/525/526/860),No,KC1 Duty 9760 0730 - 1349 and KC3 Duty 9762 0745 - 1333,Night Chargehand
Thurs,060717,Private Hire,UoR Graduation,,4 x DD,No,TBA,Night Chargehand
Fri,070717,Private Hire,UoR Graduation,,4 x DD,No,TBA,Night Chargehand
Sat,080717,Private Hire,UoR Graduation,,4 x DD,No,TBA,Night Chargehand
Sun,011017,Private Hire,Kidz Klub,,2 x DD (524/525/526/860),No,KC1 Duty 9760 0730 - 1349 and KC3 Duty 9762 0745 - 1333,Night Chargehand
Sun,291017,Private Hire,Kidz Klub,,2 x DD (524/525/526/860),No,KC1 Duty 9760 0730 - 1349 and KC3 Duty 9762 0745 - 1333,Night Chargehand
Sun ,261117,Private Hire,Kidz Klub,,2 x DD (524/525/526/860),No,KC1 Duty 9760 0730 - 1349 and KC3 Duty 9762 0745 - 1333,Night Chargehand